timestamp,transformer,voltage,current,apparent_power,real_power,power_factor,frequency,oil_temp,energy_kwh,condition
2026-04-21T10:01:49.532618+00:00,Pole 1,232.6,65.218,15169.71,14499.4,0.96,59.8,,2008.823,heavy_load
2026-04-21T10:00:10.178314+00:00,Pole 1,232.6,67.149,15618.86,13916.0,0.89,59.8,,2008.467,heavy_load
2026-04-21T09:48:18.905039+00:00,Pole 1,233.0,71.749,16717.52,15690.9,0.94,59.9,,2006.195,overload
2026-04-21T09:48:14.024134+00:00,Pole 1,232.9,71.805,16723.38,15691.9,0.94,59.9,,2006.174,overload
2026-04-21T09:48:05.130889+00:00,Pole 1,233.2,71.833,16751.46,15708.2,0.94,60.0,,2006.135,overload
2026-04-21T09:48:00.063870+00:00,Pole 1,233.1,71.555,16679.47,15660.3,0.94,59.9,,2006.113,overload
2026-04-21T09:47:55.083599+00:00,Pole 1,233.1,71.514,16669.91,15646.7,0.94,60.0,,2006.092,overload
2026-04-21T09:47:50.277717+00:00,Pole 1,233.2,71.562,16688.26,15646.7,0.94,59.9,,2006.07,overload
2026-04-21T09:47:45.032608+00:00,Pole 1,233.1,71.463,16658.03,15629.4,0.94,60.0,,2006.048,overload
2026-04-21T09:47:40.019690+00:00,Pole 1,233.2,71.663,16711.81,15673.2,0.94,60.0,,2006.026,overload
2026-04-21T09:47:35.008219+00:00,Pole 1,233.2,71.45,16662.14,15619.7,0.94,60.0,,2006.004,overload
2026-04-21T09:47:30.082677+00:00,Pole 1,233.1,72.017,16787.16,15731.1,0.94,59.9,,2005.983,overload
2026-04-21T09:46:55.862703+00:00,Pole 1,233.7,66.129,15454.35,14820.6,0.96,59.9,,2005.846,heavy_load
2026-04-21T09:46:20.753183+00:00,Pole 1,234.2,64.065,15004.02,14315.7,0.95,60.0,,2005.706,heavy_load
2026-04-21T09:46:15.854810+00:00,Pole 1,234.1,65.133,15247.64,14570.6,0.96,60.0,,2005.686,heavy_load
2026-04-21T09:46:10.818453+00:00,Pole 1,234.2,64.195,15034.47,14341.0,0.95,59.9,,2005.666,heavy_load
2026-04-21T09:46:05.790199+00:00,Pole 1,234.1,64.379,15071.12,14372.9,0.95,60.0,,2005.646,heavy_load
2026-04-21T09:46:00.834117+00:00,Pole 1,234.3,64.22,15046.75,14364.0,0.95,60.0,,2005.626,heavy_load
2026-04-21T09:45:55.767893+00:00,Pole 1,234.3,64.288,15062.68,14363.7,0.95,60.0,,2005.606,heavy_load
2026-04-21T09:45:50.736832+00:00,Pole 1,234.2,65.542,15349.94,14671.9,0.96,60.0,,2005.585,heavy_load
2026-04-21T09:45:45.709007+00:00,Pole 1,234.1,65.649,15368.43,14689.7,0.96,60.0,,2005.565,heavy_load
2026-04-21T09:45:36.007761+00:00,Pole 1,233.9,70.922,16588.65,16186.6,0.98,60.0,,2005.525,overload
2026-04-21T09:45:31.005874+00:00,Pole 1,234.5,66.866,15680.08,15396.9,0.98,60.0,,2005.504,heavy_load
2026-04-21T09:45:26.086322+00:00,Pole 1,234.6,66.871,15687.94,15407.5,0.98,60.0,,2005.482,heavy_load
2026-04-21T09:45:20.942763+00:00,Pole 1,234.6,66.664,15639.38,15363.1,0.98,60.0,,2005.46,heavy_load
2026-04-21T09:45:15.917180+00:00,Pole 1,234.6,65.56,15380.38,15093.8,0.98,60.0,,2005.439,heavy_load
2026-04-21T09:45:11.029878+00:00,Pole 1,234.5,65.962,15468.09,15175.4,0.98,60.0,,2005.418,heavy_load
2026-04-21T09:45:00.975121+00:00,Pole 1,234.4,65.765,15415.32,15136.7,0.98,60.0,,2005.375,heavy_load
2026-04-21T09:40:35.450183+00:00,Pole 1,234.7,64.804,15209.5,14836.8,0.98,60.1,,2004.375,heavy_load
2026-04-21T09:40:30.424120+00:00,Pole 1,234.6,64.717,15182.61,14804.2,0.98,60.0,,2004.355,heavy_load
2026-04-21T09:40:25.521614+00:00,Pole 1,234.5,64.629,15155.5,14786.0,0.98,60.0,,2004.333,heavy_load
2026-04-21T09:40:16.083337+00:00,Pole 1,234.6,64.688,15175.81,14797.1,0.98,60.0,,2004.295,heavy_load
2026-04-21T09:40:11.237182+00:00,Pole 1,234.6,64.802,15202.55,14822.8,0.98,60.0,,2004.275,heavy_load
2026-04-21T09:40:01.041892+00:00,Pole 1,233.8,73.452,17173.08,16847.6,0.98,60.0,,2004.232,overload
2026-04-21T09:39:56.119623+00:00,Pole 1,233.8,73.472,17177.75,16856.9,0.98,60.0,,2004.208,overload
2026-04-21T09:39:51.351179+00:00,Pole 1,233.8,73.483,17180.33,16851.6,0.98,60.0,,2004.185,overload
2026-04-21T09:39:46.100136+00:00,Pole 1,233.9,73.381,17163.81,16838.9,0.98,60.0,,2004.162,overload
2026-04-21T09:39:41.288400+00:00,Pole 1,233.9,73.506,17193.05,16870.0,0.98,60.0,,2004.138,overload
2026-04-21T09:39:36.058825+00:00,Pole 1,233.9,73.461,17182.53,16858.3,0.98,60.0,,2004.115,overload
2026-04-21T09:39:31.139836+00:00,Pole 1,233.8,73.432,17168.4,16844.3,0.98,60.1,,2004.091,overload
2026-04-21T09:39:26.036741+00:00,Pole 1,233.3,77.4,18057.42,17636.1,0.98,60.0,,2004.067,overload
2026-04-21T09:39:21.220132+00:00,Pole 1,234.1,68.626,16065.35,15570.4,0.97,60.0,,2004.044,overload
2026-04-21T09:39:16.497497+00:00,Pole 1,234.0,68.57,16045.38,15548.7,0.97,60.0,,2004.022,overload
2026-04-21T09:39:06.348601+00:00,Pole 1,234.2,68.513,16045.74,15549.6,0.97,60.1,,2003.979,overload
2026-04-21T09:39:01.040426+00:00,Pole 1,234.4,65.651,15388.59,14865.9,0.97,60.1,,2003.957,heavy_load
2026-04-21T09:38:56.131520+00:00,Pole 1,234.3,65.678,15388.36,14866.3,0.97,60.1,,2003.937,heavy_load
2026-04-21T08:54:15.592342+00:00,Pole 1,234.9,64.327,15110.41,14914.4,0.99,59.9,,1995.721,heavy_load
2026-04-21T08:54:10.458252+00:00,Pole 1,234.5,66.982,15707.28,15392.4,0.98,60.0,,1995.701,heavy_load
2026-04-21T08:54:00.549806+00:00,Pole 1,234.6,67.059,15732.04,15412.2,0.98,60.0,,1995.658,heavy_load
2026-04-21T08:53:55.426175+00:00,Pole 1,234.7,67.01,15727.25,15392.8,0.98,60.0,,1995.637,heavy_load
2026-04-21T08:53:45.274801+00:00,Pole 1,234.4,66.801,15658.15,15335.9,0.98,60.0,,1995.593,heavy_load
2026-04-21T08:53:35.540460+00:00,Pole 1,234.7,65.432,15356.89,15021.6,0.98,60.0,,1995.551,heavy_load
2026-04-21T08:53:30.523849+00:00,Pole 1,234.5,65.661,15397.5,15126.5,0.98,60.0,,1995.53,heavy_load
2026-04-21T01:56:18.296057+00:00,Pole 1,235.5,64.401,15166.44,14798.5,0.98,60.1,,1924.357,heavy_load
2026-04-21T01:56:13.271202+00:00,Pole 1,235.5,64.318,15146.89,14775.4,0.98,60.0,,1924.336,heavy_load
2026-04-21T01:56:08.382002+00:00,Pole 1,235.6,64.266,15141.07,14769.5,0.98,60.0,,1924.315,heavy_load
2026-04-21T01:56:03.135248+00:00,Pole 1,235.4,64.203,15113.39,14742.1,0.98,60.0,,1924.294,heavy_load
2026-04-21T01:55:58.134636+00:00,Pole 1,234.8,72.319,16980.5,16673.0,0.98,60.0,,1924.274,overload
2026-04-21T01:55:53.621649+00:00,Pole 1,234.8,72.329,16982.85,16664.1,0.98,60.1,,1924.251,overload
2026-04-21T01:55:43.710479+00:00,Pole 1,234.8,72.272,16969.47,16644.4,0.98,60.1,,1924.206,overload
2026-04-21T01:55:38.683034+00:00,Pole 1,235.0,69.427,16315.35,16000.7,0.98,60.1,,1924.182,overload
2026-04-21T01:55:33.665457+00:00,Pole 1,235.0,68.736,16152.96,15817.5,0.98,60.1,,1924.16,overload
2026-04-21T01:55:28.694956+00:00,Pole 1,235.0,67.051,15756.99,15452.2,0.98,60.1,,1924.138,heavy_load
2026-04-21T01:55:23.656867+00:00,Pole 1,235.0,67.428,15845.58,15533.3,0.98,60.1,,1924.116,heavy_load
2026-04-21T01:55:13.735287+00:00,Pole 1,235.0,68.126,16009.61,15692.0,0.98,60.1,,1924.073,overload
2026-04-21T01:55:03.783848+00:00,Pole 1,235.0,68.037,15988.7,15663.6,0.98,60.1,,1924.029,overload
2026-04-21T01:54:58.533967+00:00,Pole 1,235.0,67.959,15970.37,15642.5,0.98,60.1,,1924.007,heavy_load
2026-04-21T01:54:53.526876+00:00,Pole 1,234.9,67.865,15941.49,15619.1,0.98,60.1,,1923.986,heavy_load
2026-04-21T01:54:48.724107+00:00,Pole 1,235.1,67.864,15954.83,15629.1,0.98,60.1,,1923.964,heavy_load
2026-04-21T01:54:43.711667+00:00,Pole 1,235.0,67.862,15947.57,15629.1,0.98,60.0,,1923.942,heavy_load
2026-04-21T01:54:34.196825+00:00,Pole 1,235.1,67.962,15977.87,15648.7,0.98,60.1,,1923.901,heavy_load
2026-04-20T15:28:24.192421+00:00,Pole 1,240.0,62.628,15030.72,14693.9,0.98,60.1,,1845.098,heavy_load
2026-04-20T15:28:19.139973+00:00,Pole 1,240.0,62.764,15063.36,14728.3,0.98,60.1,,1845.077,heavy_load
2026-04-20T15:28:14.126384+00:00,Pole 1,240.1,62.644,15040.83,14689.8,0.98,60.1,,1845.057,heavy_load
2026-04-20T15:28:09.232129+00:00,Pole 1,239.9,62.684,15037.89,14698.1,0.98,60.0,,1845.036,heavy_load
2026-04-20T15:28:04.113624+00:00,Pole 1,239.9,62.705,15042.93,14699.0,0.98,60.0,,1845.015,heavy_load
2026-04-20T15:27:59.079070+00:00,Pole 1,239.9,62.677,15036.21,14695.8,0.98,60.0,,1844.995,heavy_load
2026-04-20T15:27:54.267293+00:00,Pole 1,239.6,68.237,16349.59,16050.3,0.98,60.1,,1844.974,overload
2026-04-20T15:27:49.247013+00:00,Pole 1,239.5,68.231,16341.33,16051.0,0.98,60.0,,1844.952,overload
2026-04-20T15:27:44.246100+00:00,Pole 1,239.4,68.1,16303.14,16009.5,0.98,60.1,,1844.93,overload
2026-04-20T15:27:39.209006+00:00,Pole 1,239.5,68.19,16331.51,16032.7,0.98,60.1,,1844.907,overload
2026-04-20T15:27:34.197118+00:00,Pole 1,239.5,68.251,16346.11,16036.9,0.98,60.1,,1844.885,overload
2026-04-20T15:27:29.236561+00:00,Pole 1,239.6,67.924,16274.59,15986.5,0.98,60.0,,1844.862,heavy_load
2026-04-20T15:27:20.285126+00:00,Pole 1,239.6,68.097,16316.04,16006.0,0.98,60.0,,1844.823,overload
2026-04-20T15:17:26.956574+00:00,Pole 1,239.3,64.376,15405.18,15073.1,0.98,60.1,,1842.625,heavy_load
2026-04-20T15:17:21.962903+00:00,Pole 1,239.4,64.501,15441.54,15090.8,0.98,60.0,,1842.604,heavy_load
2026-04-20T15:17:16.817412+00:00,Pole 1,239.4,64.212,15372.35,15042.9,0.98,60.1,,1842.583,heavy_load
2026-04-20T15:17:11.921019+00:00,Pole 1,239.5,64.296,15398.89,15067.5,0.98,60.1,,1842.562,heavy_load
2026-04-20T15:17:06.896452+00:00,Pole 1,239.5,64.212,15378.77,15030.2,0.98,60.1,,1842.541,heavy_load
2026-04-20T15:17:01.997487+00:00,Pole 1,239.5,64.309,15402.0,15051.1,0.98,60.1,,1842.521,heavy_load
2026-04-20T15:16:56.855684+00:00,Pole 1,239.4,64.173,15363.01,15014.6,0.98,60.1,,1842.499,heavy_load
2026-04-20T15:16:51.731499+00:00,Pole 1,239.4,64.052,15334.05,15008.0,0.98,60.1,,1842.478,heavy_load
2026-04-20T15:16:46.803803+00:00,Pole 1,239.5,64.173,15369.43,15020.2,0.98,60.2,,1842.457,heavy_load
2026-04-20T15:16:41.785391+00:00,Pole 1,239.5,63.923,15309.56,14962.6,0.98,60.1,,1842.436,heavy_load
2026-04-20T15:16:31.867350+00:00,Pole 1,239.4,63.631,15233.26,14895.5,0.98,60.2,,1842.395,heavy_load
2026-04-20T15:16:26.754038+00:00,Pole 1,239.6,63.427,15197.11,14852.7,0.98,60.2,,1842.374,heavy_load
2026-04-20T15:16:21.608989+00:00,Pole 1,239.5,63.467,15200.35,14865.4,0.98,60.1,,1842.353,heavy_load
2026-04-20T15:16:16.609093+00:00,Pole 1,239.5,63.539,15217.59,14864.4,0.98,60.2,,1842.333,heavy_load
2026-04-20T15:16:11.808745+00:00,Pole 1,239.5,63.276,15154.6,14814.1,0.98,60.1,,1842.311,heavy_load
2026-04-20T15:16:06.778860+00:00,Pole 1,239.4,63.426,15184.18,14854.4,0.98,60.1,,1842.291,heavy_load
2026-04-20T15:16:01.653211+00:00,Pole 1,239.4,63.262,15144.92,14796.1,0.98,60.1,,1842.271,heavy_load
2026-04-20T15:15:56.729194+00:00,Pole 1,239.5,63.319,15164.9,14816.7,0.98,60.2,,1842.249,heavy_load
2026-04-20T15:15:51.626201+00:00,Pole 1,239.3,63.252,15136.2,14785.7,0.98,60.2,,1842.229,heavy_load
2026-04-20T15:15:46.832434+00:00,Pole 1,239.6,63.177,15137.21,14796.3,0.98,60.2,,1842.208,heavy_load
2026-04-20T15:15:41.681171+00:00,Pole 1,239.7,63.319,15177.56,14819.3,0.98,60.1,,1842.188,heavy_load
2026-04-20T15:06:28.725475+00:00,Pole 1,238.2,65.315,15558.03,15253.6,0.98,60.1,,1840.143,heavy_load
2026-04-20T15:06:23.818576+00:00,Pole 1,238.4,64.807,15449.99,15141.1,0.98,60.0,,1840.122,heavy_load
2026-04-20T15:06:18.601544+00:00,Pole 1,238.5,64.454,15372.28,15068.9,0.98,60.0,,1840.1,heavy_load
2026-04-20T15:06:13.781575+00:00,Pole 1,238.4,64.561,15391.34,15072.8,0.98,60.0,,1840.08,heavy_load
2026-04-20T15:06:08.765100+00:00,Pole 1,238.3,64.373,15340.09,15036.9,0.98,60.0,,1840.059,heavy_load
2026-04-20T15:06:03.631770+00:00,Pole 1,238.4,64.231,15312.67,15011.3,0.98,60.0,,1840.038,heavy_load
2026-04-20T15:05:58.757018+00:00,Pole 1,238.3,64.4,15346.52,15040.4,0.98,60.1,,1840.017,heavy_load
2026-04-20T15:05:53.695425+00:00,Pole 1,238.3,64.363,15337.7,15023.8,0.98,60.1,,1839.996,heavy_load
2026-04-20T15:05:49.009719+00:00,Pole 1,238.3,64.121,15280.04,14988.5,0.98,60.1,,1839.975,heavy_load
2026-04-20T15:05:43.544654+00:00,Pole 1,238.2,64.434,15348.18,15034.5,0.98,60.0,,1839.954,heavy_load
2026-04-20T15:05:38.674615+00:00,Pole 1,238.1,66.195,15761.03,15343.3,0.97,60.0,,1839.933,heavy_load
2026-04-20T15:05:33.632054+00:00,Pole 1,237.8,67.219,15984.68,15503.2,0.97,60.0,,1839.912,heavy_load
2026-04-20T15:05:28.498896+00:00,Pole 1,237.9,67.106,15964.52,15479.8,0.97,60.0,,1839.89,heavy_load
2026-04-20T15:05:23.471816+00:00,Pole 1,238.0,67.011,15948.62,15452.9,0.97,60.0,,1839.868,heavy_load
2026-04-20T15:05:18.573973+00:00,Pole 1,237.9,67.064,15954.53,15448.8,0.97,60.0,,1839.847,heavy_load
2026-04-20T15:05:13.669742+00:00,Pole 1,237.8,66.96,15923.09,15428.6,0.97,60.0,,1839.825,heavy_load
2026-04-20T15:05:08.524190+00:00,Pole 1,237.8,66.442,15799.91,15280.4,0.97,59.9,,1839.804,heavy_load
2026-04-20T15:05:03.623444+00:00,Pole 1,237.8,66.254,15755.2,15240.8,0.97,60.0,,1839.783,heavy_load
2026-04-20T15:04:58.551542+00:00,Pole 1,237.8,66.226,15748.54,15237.7,0.97,60.0,,1839.761,heavy_load
2026-04-20T15:04:53.595286+00:00,Pole 1,238.0,66.263,15770.59,15246.3,0.97,59.9,,1839.74,heavy_load
2026-04-20T15:04:48.668690+00:00,Pole 1,237.6,66.207,15730.78,15226.9,0.97,60.0,,1839.719,heavy_load
2026-04-20T15:04:43.554166+00:00,Pole 1,237.8,66.251,15754.49,15228.0,0.97,60.0,,1839.698,heavy_load
2026-04-20T14:55:16.357150+00:00,Pole 1,237.3,64.887,15397.69,15088.8,0.98,59.8,,1837.561,heavy_load
2026-04-20T14:55:11.452376+00:00,Pole 1,237.4,65.02,15435.75,15123.7,0.98,59.8,,1837.539,heavy_load
2026-04-20T14:55:06.425076+00:00,Pole 1,237.5,64.812,15392.85,15077.2,0.98,59.8,,1837.519,heavy_load
2026-04-20T14:55:01.418207+00:00,Pole 1,237.5,65.489,15553.64,15224.1,0.98,59.8,,1837.497,heavy_load
2026-04-20T14:54:56.291118+00:00,Pole 1,237.6,65.003,15444.71,15132.7,0.98,59.9,,1837.476,heavy_load
2026-04-20T14:54:51.406250+00:00,Pole 1,237.8,65.384,15548.32,15211.6,0.98,59.9,,1837.455,heavy_load
2026-04-20T14:54:46.364792+00:00,Pole 1,237.8,64.966,15448.92,15128.6,0.98,59.8,,1837.434,heavy_load
2026-04-20T14:54:41.347484+00:00,Pole 1,238.9,65.153,15565.05,15217.3,0.98,59.9,,1837.413,heavy_load
2026-04-20T14:54:36.336265+00:00,Pole 1,238.8,64.872,15491.43,15142.8,0.98,59.8,,1837.391,heavy_load
2026-04-20T14:54:31.298736+00:00,Pole 1,238.8,64.813,15477.35,15133.0,0.98,59.8,,1837.37,heavy_load
2026-04-20T14:54:26.292560+00:00,Pole 1,238.9,64.917,15508.67,15157.1,0.98,59.8,,1837.35,heavy_load
2026-04-20T14:54:21.149067+00:00,Pole 1,238.8,64.908,15500.03,15159.3,0.98,59.8,,1837.328,heavy_load
2026-04-20T14:54:16.134426+00:00,Pole 1,238.8,64.802,15474.72,15130.7,0.98,59.8,,1837.307,heavy_load
2026-04-20T14:54:11.210837+00:00,Pole 1,238.6,64.861,15475.83,15132.1,0.98,59.8,,1837.286,heavy_load
2026-04-20T14:54:06.215047+00:00,Pole 1,238.7,65.091,15537.22,15198.3,0.98,59.9,,1837.265,heavy_load
2026-04-20T14:54:01.167921+00:00,Pole 1,238.8,64.83,15481.4,15133.0,0.98,59.8,,1837.244,heavy_load
2026-04-20T14:53:56.169074+00:00,Pole 1,238.6,64.797,15460.56,15119.5,0.98,59.8,,1837.223,heavy_load
2026-04-20T14:53:51.145436+00:00,Pole 1,238.8,64.682,15446.06,15095.0,0.98,59.8,,1837.202,heavy_load
2026-04-20T14:53:46.333260+00:00,Pole 1,238.8,64.691,15448.21,15106.3,0.98,59.8,,1837.18,heavy_load
2026-04-20T14:53:41.241398+00:00,Pole 1,238.7,64.766,15459.64,15110.0,0.98,59.8,,1837.159,heavy_load
2026-04-20T14:53:36.102315+00:00,Pole 1,238.7,64.789,15465.13,15108.8,0.98,59.8,,1837.139,heavy_load
2026-04-20T14:53:31.174223+00:00,Pole 1,238.8,64.614,15429.82,15067.3,0.98,59.8,,1837.117,heavy_load
2026-04-20T14:53:26.213517+00:00,Pole 1,238.6,64.832,15468.92,15106.6,0.98,59.8,,1837.097,heavy_load
2026-04-20T14:53:21.140068+00:00,Pole 1,238.7,64.657,15433.63,15085.1,0.98,59.8,,1837.075,heavy_load
2026-04-20T14:53:16.025222+00:00,Pole 1,238.7,64.596,15419.07,15074.1,0.98,59.8,,1837.054,heavy_load
2026-04-20T14:53:11.141240+00:00,Pole 1,238.7,64.48,15391.38,15033.9,0.98,59.8,,1837.033,heavy_load
2026-04-20T14:53:06.088066+00:00,Pole 1,238.7,64.508,15398.06,15047.0,0.98,59.8,,1837.012,heavy_load
2026-04-20T14:53:00.979016+00:00,Pole 1,238.7,64.373,15365.83,15020.8,0.98,59.8,,1836.992,heavy_load
2026-04-20T14:52:51.557221+00:00,Pole 1,238.8,64.322,15360.09,15011.7,0.98,59.8,,1836.951,heavy_load
2026-04-20T14:46:49.886428+00:00,Pole 1,237.9,68.029,16184.1,15651.6,0.97,59.8,,1835.57,overload
2026-04-20T14:46:44.734066+00:00,Pole 1,238.2,66.26,15783.13,15341.3,0.97,59.8,,1835.549,heavy_load
2026-04-20T14:46:39.651979+00:00,Pole 1,238.3,65.123,15518.81,15176.6,0.98,59.8,,1835.527,heavy_load
2026-04-20T14:46:34.729546+00:00,Pole 1,238.1,64.831,15436.26,15103.2,0.98,59.8,,1835.506,heavy_load
2026-04-20T14:46:29.474534+00:00,Pole 1,238.3,65.014,15492.84,15151.1,0.98,59.9,,1835.484,heavy_load
2026-04-20T14:46:24.593620+00:00,Pole 1,238.4,65.005,15497.19,15169.6,0.98,59.9,,1835.464,heavy_load
2026-04-20T14:46:19.553573+00:00,Pole 1,238.5,64.869,15471.26,15106.4,0.98,59.9,,1835.443,heavy_load
2026-04-20T14:46:14.652388+00:00,Pole 1,238.5,64.849,15466.49,15115.7,0.98,59.8,,1835.421,heavy_load
2026-04-20T14:46:09.672372+00:00,Pole 1,238.5,64.734,15439.06,15090.1,0.98,59.8,,1835.4,heavy_load
2026-04-20T14:46:04.623147+00:00,Pole 1,238.3,64.695,15416.82,15076.9,0.98,59.8,,1835.38,heavy_load
2026-04-20T14:45:59.506572+00:00,Pole 1,238.3,64.302,15323.17,14987.5,0.98,59.8,,1835.358,heavy_load
2026-04-20T14:45:54.577607+00:00,Pole 1,238.5,64.13,15295.0,14961.8,0.98,59.8,,1835.338,heavy_load
2026-04-20T14:45:49.863374+00:00,Pole 1,238.4,64.253,15317.91,14986.6,0.98,59.8,,1835.316,heavy_load
2026-04-20T14:45:44.533529+00:00,Pole 1,238.5,64.034,15272.11,14953.3,0.98,59.8,,1835.296,heavy_load
2026-04-20T14:45:39.626992+00:00,Pole 1,238.5,64.266,15327.44,14987.0,0.98,59.9,,1835.274,heavy_load
2026-04-20T14:45:34.488132+00:00,Pole 1,238.3,64.222,15304.1,14961.1,0.98,59.8,,1835.254,heavy_load
2026-04-20T14:45:29.721751+00:00,Pole 1,238.3,64.125,15280.99,14930.8,0.98,59.8,,1835.233,heavy_load
2026-04-20T14:45:24.572677+00:00,Pole 1,238.3,64.098,15274.55,14940.3,0.98,59.9,,1835.212,heavy_load
2026-04-20T14:45:19.544702+00:00,Pole 1,238.3,63.955,15240.48,14906.8,0.98,59.9,,1835.191,heavy_load
2026-04-20T14:45:14.551553+00:00,Pole 1,238.4,64.102,15281.92,14950.6,0.98,59.8,,1835.17,heavy_load
2026-04-20T14:45:09.543735+00:00,Pole 1,238.3,64.082,15270.74,14929.7,0.98,59.8,,1835.15,heavy_load
2026-04-20T14:45:04.510713+00:00,Pole 1,238.3,63.92,15232.14,14892.4,0.98,59.8,,1835.129,heavy_load
2026-04-20T14:44:59.491485+00:00,Pole 1,238.3,63.919,15231.9,14908.0,0.98,59.8,,1835.108,heavy_load
2026-04-20T14:44:54.480063+00:00,Pole 1,238.3,63.806,15204.97,14866.9,0.98,59.8,,1835.088,heavy_load
2026-04-20T14:37:34.259460+00:00,Pole 1,238.1,63.68,15162.21,14859.8,0.98,60.1,,1833.465,heavy_load
2026-04-20T14:37:29.240911+00:00,Pole 1,238.2,63.539,15134.99,14834.7,0.98,60.1,,1833.445,heavy_load
2026-04-20T14:37:25.527010+00:00,Pole 1,238.1,63.536,15127.92,14808.2,0.98,60.0,,1833.424,heavy_load
2026-04-20T14:37:24.412536+00:00,Pole 1,238.3,63.416,15112.03,14796.7,0.98,60.0,,1833.396,heavy_load
2026-04-20T14:37:12.470428+00:00,Pole 1,238.3,63.487,15128.95,14816.7,0.98,60.0,,1833.374,heavy_load
2026-04-20T14:37:07.204130+00:00,Pole 1,238.1,63.603,15143.88,14825.5,0.98,60.0,,1833.354,heavy_load
2026-04-20T14:37:02.412642+00:00,Pole 1,238.0,63.288,15062.54,14753.5,0.98,60.0,,1833.334,heavy_load
2026-04-20T14:36:57.731809+00:00,Pole 1,238.0,63.589,15134.18,14831.5,0.98,60.0,,1833.313,heavy_load
2026-04-20T14:36:52.255722+00:00,Pole 1,238.0,65.082,15489.52,15181.3,0.98,60.1,,1833.293,heavy_load
2026-04-20T14:36:47.350395+00:00,Pole 1,237.8,66.815,15888.61,15538.5,0.98,60.1,,1833.271,heavy_load
2026-04-20T14:36:42.318331+00:00,Pole 1,237.9,66.876,15909.8,15563.2,0.98,60.1,,1833.249,heavy_load
2026-04-20T14:36:37.311622+00:00,Pole 1,237.9,66.389,15793.94,15423.4,0.98,60.1,,1833.228,heavy_load
2026-04-20T14:36:32.325867+00:00,Pole 1,237.8,67.192,15978.26,15574.1,0.97,60.1,,1833.206,heavy_load
2026-04-20T14:36:27.164253+00:00,Pole 1,238.1,63.328,15078.4,14756.0,0.98,60.1,,1833.186,heavy_load
2026-04-20T14:36:17.231626+00:00,Pole 1,238.0,63.058,15007.8,14699.7,0.98,60.2,,1833.144,heavy_load
2026-04-20T14:36:12.235086+00:00,Pole 1,238.0,63.151,15029.94,14716.2,0.98,60.1,,1833.124,heavy_load
2026-04-20T14:36:02.176066+00:00,Pole 1,238.1,63.006,15001.73,14694.4,0.98,60.1,,1833.083,heavy_load
2026-04-20T14:35:47.954917+00:00,Pole 1,238.0,63.598,15136.32,14229.7,0.94,60.2,,1833.025,heavy_load
2026-04-20T14:31:02.050816+00:00,Pole 1,237.3,71.381,16938.71,16728.5,0.99,60.1,,1831.983,overload
2026-04-20T14:30:57.231776+00:00,Pole 1,237.3,71.275,16913.56,16709.5,0.99,60.1,,1831.959,overload
2026-04-20T14:30:52.120270+00:00,Pole 1,237.4,71.445,16961.04,16749.2,0.99,60.1,,1831.936,overload
2026-04-20T14:30:47.312775+00:00,Pole 1,237.3,71.322,16924.71,16716.3,0.99,60.1,,1831.912,overload
2026-04-20T14:30:41.952744+00:00,Pole 1,237.4,71.403,16951.07,16735.3,0.99,60.1,,1831.889,overload
2026-04-20T14:30:37.056994+00:00,Pole 1,237.4,71.372,16943.71,16736.1,0.99,60.1,,1831.865,overload
2026-04-20T14:30:32.056601+00:00,Pole 1,237.4,71.312,16929.47,16709.0,0.99,60.1,,1831.842,overload
2026-04-20T14:30:27.160540+00:00,Pole 1,237.3,71.198,16895.29,16684.7,0.99,60.1,,1831.819,overload
2026-04-20T14:30:22.002332+00:00,Pole 1,237.1,71.572,16969.72,16755.3,0.99,60.1,,1831.796,overload
2026-04-20T14:30:17.128951+00:00,Pole 1,237.2,71.337,16921.13,16712.0,0.99,60.1,,1831.773,overload
2026-04-20T14:30:12.123586+00:00,Pole 1,237.3,71.406,16944.64,16734.9,0.99,60.1,,1831.749,overload
2026-04-20T14:30:06.952279+00:00,Pole 1,237.2,71.417,16940.11,16723.3,0.99,60.1,,1831.726,overload
2026-04-20T14:30:02.158642+00:00,Pole 1,237.3,71.197,16895.05,16682.5,0.99,60.0,,1831.703,overload
2026-04-20T14:29:57.052588+00:00,Pole 1,237.1,71.444,16939.37,16729.3,0.99,60.1,,1831.679,overload
2026-04-20T14:29:51.948449+00:00,Pole 1,237.2,71.072,16858.28,16652.1,0.99,60.1,,1831.656,overload
2026-04-20T14:29:47.081343+00:00,Pole 1,237.4,71.389,16947.75,16740.5,0.99,60.1,,1831.633,overload
2026-04-20T14:29:42.076730+00:00,Pole 1,237.1,74.516,17667.74,17448.9,0.99,60.1,,1831.609,overload
2026-04-20T14:29:37.058043+00:00,Pole 1,237.2,70.919,16821.99,16519.6,0.98,60.0,,1831.586,overload
2026-04-20T14:29:31.952458+00:00,Pole 1,237.2,70.952,16829.81,16517.4,0.98,60.0,,1831.562,overload
2026-04-20T14:29:27.042874+00:00,Pole 1,237.3,71.055,16861.35,16549.1,0.98,60.1,,1831.539,overload
2026-04-20T14:29:22.019220+00:00,Pole 1,237.3,70.546,16740.57,16438.9,0.98,60.0,,1831.516,overload
2026-04-20T14:29:16.900259+00:00,Pole 1,237.3,71.043,16858.5,16550.6,0.98,60.0,,1831.493,overload
2026-04-20T14:29:12.008259+00:00,Pole 1,237.2,71.359,16926.36,16597.4,0.98,60.0,,1831.47,overload
2026-04-20T14:29:06.949698+00:00,Pole 1,237.3,71.086,16868.71,16560.5,0.98,60.1,,1831.447,overload
2026-04-20T14:29:01.951861+00:00,Pole 1,237.3,71.42,16947.96,16625.6,0.98,60.1,,1831.424,overload
2026-04-20T14:28:56.921795+00:00,Pole 1,237.4,70.991,16853.26,16537.3,0.98,60.0,,1831.401,overload
2026-04-20T14:28:51.923904+00:00,Pole 1,237.3,71.208,16897.66,16580.2,0.98,60.0,,1831.378,overload
2026-04-20T14:28:46.984475+00:00,Pole 1,237.3,71.252,16908.1,16574.6,0.98,60.1,,1831.355,overload
2026-04-20T14:28:41.774651+00:00,Pole 1,237.3,70.987,16845.21,16537.2,0.98,60.0,,1831.331,overload
2026-04-20T14:28:36.931800+00:00,Pole 1,237.2,74.126,17582.69,17328.2,0.99,60.0,,1831.309,overload
2026-04-20T14:28:31.908722+00:00,Pole 1,237.1,74.207,17594.48,17339.0,0.99,60.1,,1831.285,overload
2026-04-20T14:28:11.877048+00:00,Pole 1,237.2,73.954,17541.89,17286.7,0.99,60.1,,1831.204,overload
2026-04-20T14:28:06.844597+00:00,Pole 1,237.3,74.018,17564.47,17309.8,0.99,60.1,,1831.18,overload
2026-04-20T14:28:04.477915+00:00,Pole 1,237.4,73.865,17535.55,17278.2,0.99,60.2,,1831.155,overload
2026-04-20T14:27:57.771377+00:00,Pole 1,237.1,74.894,17757.37,17502.4,0.99,60.1,,1831.131,overload
2026-04-20T14:27:53.261697+00:00,Pole 1,237.3,74.76,17740.55,17488.0,0.99,60.1,,1831.107,overload
2026-04-20T14:27:47.789864+00:00,Pole 1,237.1,70.641,16748.98,16302.7,0.97,60.0,,1830.968,overload
2026-04-20T14:27:20.698055+00:00,Pole 1,237.3,69.045,16384.38,16025.9,0.98,60.0,,1830.935,overload
2026-04-20T14:27:13.618143+00:00,Pole 1,237.3,68.829,16333.12,15975.0,0.98,60.1,,1830.913,overload
2026-04-20T14:27:08.698753+00:00,Pole 1,237.3,69.051,16385.8,16015.4,0.98,60.0,,1830.881,overload
2026-04-20T14:27:01.393925+00:00,Pole 1,237.3,68.926,16356.14,15989.4,0.98,60.0,,1830.859,overload
2026-04-20T14:26:50.242285+00:00,Pole 1,237.3,68.795,16325.05,15947.8,0.98,60.1,,1830.805,overload
2026-04-20T14:26:43.269101+00:00,Pole 1,237.3,68.792,16324.34,15946.0,0.98,60.0,,1830.783,overload
2026-04-20T14:26:38.048715+00:00,Pole 1,237.3,68.826,16332.41,15956.5,0.98,60.0,,1830.761,overload
2026-04-20T14:26:33.590647+00:00,Pole 1,237.4,68.819,16337.63,15964.1,0.98,60.1,,1830.738,overload
2026-04-20T14:26:28.124920+00:00,Pole 1,237.8,65.917,15675.06,15293.7,0.98,60.1,,1830.717,heavy_load
2026-04-20T14:26:22.921469+00:00,Pole 1,238.8,65.674,15682.95,15263.3,0.97,60.1,,1830.695,heavy_load
2026-04-20T14:26:17.973148+00:00,Pole 1,238.9,65.822,15724.88,15315.5,0.97,60.0,,1830.674,heavy_load
2026-04-20T14:26:15.842460+00:00,Pole 1,238.7,65.509,15637.0,15205.9,0.97,60.0,,1830.651,heavy_load
2026-04-20T14:26:07.784337+00:00,Pole 1,239.0,63.448,15164.07,14743.6,0.97,60.1,,1830.63,heavy_load
2026-04-20T14:26:02.826917+00:00,Pole 1,239.1,63.557,15196.48,14764.7,0.97,60.1,,1830.609,heavy_load
2026-04-20T14:25:58.843081+00:00,Pole 1,239.1,63.47,15175.68,14745.8,0.97,60.1,,1830.589,heavy_load
2026-04-20T14:25:53.035745+00:00,Pole 1,239.0,63.466,15168.37,14739.4,0.97,60.1,,1830.568,heavy_load
2026-04-20T14:25:47.909760+00:00,Pole 1,239.1,63.22,15115.9,14688.7,0.97,60.2,,1830.548,heavy_load
2026-04-20T14:25:38.035542+00:00,Pole 1,239.0,63.486,15173.15,14729.9,0.97,60.1,,1830.509,heavy_load
2026-04-20T14:21:55.443215+00:00,Pole 1,238.4,69.206,16498.71,16213.8,0.98,60.0,,1829.693,overload
2026-04-20T14:21:50.573191+00:00,Pole 1,238.5,69.099,16480.11,16183.3,0.98,60.1,,1829.671,overload
2026-04-20T14:21:45.730160+00:00,Pole 1,238.7,69.109,16496.32,16200.2,0.98,60.0,,1829.649,overload
2026-04-20T14:21:40.600457+00:00,Pole 1,238.7,69.154,16507.06,16210.4,0.98,60.0,,1829.626,overload
2026-04-20T14:21:35.459686+00:00,Pole 1,238.6,69.119,16491.79,16201.3,0.98,60.0,,1829.603,overload
2026-04-20T14:21:30.465804+00:00,Pole 1,238.5,69.082,16476.06,16184.9,0.98,60.0,,1829.58,overload
2026-04-20T14:21:25.318103+00:00,Pole 1,238.6,68.951,16451.71,16159.5,0.98,60.0,,1829.558,overload
2026-04-20T14:21:20.565242+00:00,Pole 1,238.4,68.927,16432.2,16136.9,0.98,60.0,,1829.535,overload
2026-04-20T14:21:15.517221+00:00,Pole 1,238.5,68.851,16420.96,16134.7,0.98,60.1,,1829.513,overload
2026-04-20T14:21:10.410649+00:00,Pole 1,238.6,68.826,16421.88,16128.1,0.98,60.0,,1829.491,overload
2026-04-20T14:21:05.522253+00:00,Pole 1,238.3,68.996,16441.75,16152.2,0.98,60.0,,1829.468,overload
2026-04-20T14:21:00.340548+00:00,Pole 1,238.4,69.053,16462.23,16170.2,0.98,60.0,,1829.445,overload
2026-04-20T14:20:55.307363+00:00,Pole 1,238.5,69.005,16457.69,16161.9,0.98,60.0,,1829.422,overload
2026-04-20T14:20:51.037074+00:00,Pole 1,238.5,68.414,16316.74,16028.6,0.98,60.0,,1829.4,overload
2026-04-20T14:20:45.408635+00:00,Pole 1,238.4,68.423,16312.04,16025.1,0.98,60.0,,1829.378,overload
2026-04-20T14:20:41.506076+00:00,Pole 1,238.3,68.394,16298.29,16013.3,0.98,60.0,,1829.355,overload
2026-04-20T14:20:35.674120+00:00,Pole 1,238.5,68.385,16309.82,16014.3,0.98,60.0,,1829.333,overload
2026-04-20T14:20:32.557516+00:00,Pole 1,238.5,68.453,16326.04,16029.0,0.98,60.0,,1829.308,overload
2026-04-20T14:20:27.140127+00:00,Pole 1,238.3,68.443,16309.97,16023.2,0.98,60.0,,1829.286,overload
2026-04-20T14:20:19.581593+00:00,Pole 1,238.4,68.432,16314.19,16023.7,0.98,60.0,,1829.264,overload
2026-04-20T14:20:14.706294+00:00,Pole 1,238.5,68.556,16350.61,16050.9,0.98,60.0,,1829.241,overload
2026-04-20T14:20:09.791728+00:00,Pole 1,238.5,68.383,16309.35,16018.1,0.98,60.0,,1829.219,overload
2026-04-20T14:20:04.729655+00:00,Pole 1,238.3,68.381,16295.19,16013.3,0.98,60.0,,1829.196,overload
2026-04-20T14:19:59.744154+00:00,Pole 1,238.3,68.469,16316.16,16025.2,0.98,59.9,,1829.174,overload
2026-04-20T14:19:54.719987+00:00,Pole 1,238.2,68.362,16283.83,15986.6,0.98,60.0,,1829.151,overload
2026-04-20T14:19:49.767608+00:00,Pole 1,238.2,68.395,16291.69,15992.9,0.98,59.9,,1829.129,overload
2026-04-20T14:19:44.721082+00:00,Pole 1,238.1,68.39,16283.66,15992.3,0.98,59.9,,1829.107,overload
2026-04-20T14:19:39.549098+00:00,Pole 1,238.2,68.437,16301.69,16001.0,0.98,59.9,,1829.085,overload
2026-04-20T14:14:56.821566+00:00,Pole 1,236.8,76.827,18192.63,17722.3,0.97,60.1,,1828.045,overload
2026-04-20T14:14:51.845649+00:00,Pole 1,236.9,76.591,18144.41,17677.5,0.97,60.1,,1828.02,overload
2026-04-20T14:14:47.104866+00:00,Pole 1,237.0,76.535,18138.79,17664.4,0.97,60.1,,1827.995,overload
2026-04-20T14:14:37.777978+00:00,Pole 1,237.1,76.383,18110.41,17626.4,0.97,60.0,,1827.951,overload
2026-04-20T14:14:32.757743+00:00,Pole 1,237.8,65.565,15591.36,15115.4,0.97,60.0,,1827.928,heavy_load
2026-04-20T14:14:27.614221+00:00,Pole 1,237.8,65.484,15572.1,15107.6,0.97,60.0,,1827.907,heavy_load
2026-04-20T14:14:22.618633+00:00,Pole 1,237.8,65.45,15564.01,15086.6,0.97,60.0,,1827.886,heavy_load
2026-04-20T14:14:17.702853+00:00,Pole 1,237.7,65.519,15573.87,15089.7,0.97,60.0,,1827.865,heavy_load
2026-04-20T14:14:12.678977+00:00,Pole 1,237.9,65.51,15584.83,15093.8,0.97,60.1,,1827.844,heavy_load
2026-04-20T14:14:07.540581+00:00,Pole 1,237.9,65.605,15607.43,15127.5,0.97,60.0,,1827.823,heavy_load
2026-04-20T14:14:02.746963+00:00,Pole 1,237.8,65.589,15597.06,15117.7,0.97,60.0,,1827.801,heavy_load
2026-04-20T14:13:57.637765+00:00,Pole 1,237.9,65.562,15597.2,15110.9,0.97,60.1,,1827.781,heavy_load
2026-04-20T14:09:52.182007+00:00,Pole 1,237.1,65.727,15583.87,15142.4,0.97,60.0,,1826.86,heavy_load
2026-04-20T14:09:47.133291+00:00,Pole 1,237.2,65.876,15625.79,15169.8,0.97,60.1,,1826.839,heavy_load
2026-04-20T14:09:42.145276+00:00,Pole 1,237.1,65.926,15631.06,15182.8,0.97,60.0,,1826.817,heavy_load
2026-04-20T14:09:37.128609+00:00,Pole 1,237.0,65.775,15588.68,15153.6,0.97,60.0,,1826.796,heavy_load
2026-04-20T14:09:32.079685+00:00,Pole 1,237.1,65.745,15588.14,15152.2,0.97,60.0,,1826.776,heavy_load
2026-04-20T14:09:26.974828+00:00,Pole 1,237.0,65.726,15577.06,15133.9,0.97,60.0,,1826.754,heavy_load
2026-04-20T14:09:21.966207+00:00,Pole 1,237.0,65.645,15557.86,15119.5,0.97,60.0,,1826.733,heavy_load
2026-04-20T14:09:16.934896+00:00,Pole 1,236.8,65.64,15543.55,15110.8,0.97,60.0,,1826.712,heavy_load
2026-04-20T14:09:12.026520+00:00,Pole 1,236.8,65.769,15574.1,15138.2,0.97,60.0,,1826.691,heavy_load
2026-04-20T14:09:07.003698+00:00,Pole 1,237.0,65.707,15572.56,15122.4,0.97,60.1,,1826.67,heavy_load
2026-04-20T14:09:02.094093+00:00,Pole 1,237.0,65.607,15548.86,15109.0,0.97,60.0,,1826.649,heavy_load
2026-04-20T14:08:56.864734+00:00,Pole 1,237.0,65.822,15599.81,15148.2,0.97,60.0,,1826.628,heavy_load
2026-04-20T14:08:51.943433+00:00,Pole 1,237.0,65.746,15581.8,15142.8,0.97,60.1,,1826.606,heavy_load
2026-04-20T14:08:47.152670+00:00,Pole 1,237.1,65.654,15566.56,15126.9,0.97,60.0,,1826.586,heavy_load
2026-04-20T14:08:42.026886+00:00,Pole 1,236.9,65.846,15598.92,15151.6,0.97,60.0,,1826.565,heavy_load
2026-04-20T14:08:36.913673+00:00,Pole 1,236.9,65.756,15577.6,15128.3,0.97,60.1,,1826.543,heavy_load
2026-04-20T14:08:31.974785+00:00,Pole 1,237.1,65.728,15584.11,15141.3,0.97,60.1,,1826.522,heavy_load
2026-04-20T14:08:27.108481+00:00,Pole 1,237.1,65.634,15561.82,15115.8,0.97,60.1,,1826.502,heavy_load
2026-04-20T13:40:30.047437+00:00,Pole 1,235.9,64.264,15159.88,14766.6,0.97,60.1,,1820.388,heavy_load
2026-04-20T13:40:25.123979+00:00,Pole 1,235.9,64.286,15165.07,14771.9,0.97,60.1,,1820.368,heavy_load
2026-04-20T13:40:20.223356+00:00,Pole 1,235.8,64.267,15154.16,14770.0,0.97,60.0,,1820.346,heavy_load
2026-04-20T13:40:15.212515+00:00,Pole 1,235.7,64.22,15136.65,14747.7,0.97,60.1,,1820.326,heavy_load
2026-04-20T13:40:09.960693+00:00,Pole 1,235.9,64.171,15137.94,14759.5,0.98,60.1,,1820.306,heavy_load
2026-04-20T13:40:05.165707+00:00,Pole 1,235.9,64.429,15198.8,14788.4,0.97,60.1,,1820.285,heavy_load
2026-04-20T13:40:00.066268+00:00,Pole 1,235.7,64.054,15097.53,14707.4,0.97,60.0,,1820.265,heavy_load
2026-04-20T13:39:51.220170+00:00,Pole 1,235.7,67.483,15905.74,15525.0,0.98,60.1,,1820.228,heavy_load
2026-04-20T13:39:46.314122+00:00,Pole 1,235.4,71.194,16759.07,16416.4,0.98,60.1,,1820.206,overload
2026-04-20T13:39:41.281894+00:00,Pole 1,235.2,70.932,16683.21,16329.7,0.98,60.0,,1820.183,overload
2026-04-20T13:39:36.277440+00:00,Pole 1,235.3,71.155,16742.77,16392.2,0.98,60.1,,1820.161,overload
2026-04-20T13:39:31.145843+00:00,Pole 1,235.2,71.136,16731.19,16378.1,0.98,60.0,,1820.137,overload
2026-04-20T13:39:26.244783+00:00,Pole 1,235.2,71.154,16735.42,16384.3,0.98,60.0,,1820.115,overload
2026-04-20T13:39:21.319149+00:00,Pole 1,235.2,71.099,16722.48,16379.1,0.98,60.0,,1820.092,overload
2026-04-20T13:39:16.193967+00:00,Pole 1,235.3,71.109,16731.95,16385.9,0.98,60.0,,1820.069,overload
2026-04-20T13:39:11.284992+00:00,Pole 1,234.9,74.654,17536.22,17207.0,0.98,60.0,,1820.046,overload
2026-04-20T13:39:06.288467+00:00,Pole 1,234.9,74.649,17535.05,17202.2,0.98,60.0,,1820.021,overload
2026-04-20T13:39:01.264755+00:00,Pole 1,235.3,74.542,17539.73,17205.3,0.98,60.0,,1819.997,overload
2026-04-20T13:38:56.312511+00:00,Pole 1,235.3,74.518,17534.09,17208.8,0.98,60.0,,1819.974,overload
2026-04-20T13:38:51.357827+00:00,Pole 1,235.2,74.532,17529.93,17198.0,0.98,60.1,,1819.949,overload
2026-04-20T13:38:46.412735+00:00,Pole 1,235.2,74.538,17531.34,17203.1,0.98,60.1,,1819.926,overload
2026-04-20T13:38:41.303225+00:00,Pole 1,235.2,74.464,17513.93,17191.5,0.98,60.0,,1819.902,overload
2026-04-20T13:38:36.170076+00:00,Pole 1,235.5,70.972,16713.91,16359.4,0.98,60.0,,1819.878,overload
2026-04-20T13:38:31.274251+00:00,Pole 1,235.3,70.988,16703.48,16358.5,0.98,60.1,,1819.855,overload
2026-04-20T13:38:26.147335+00:00,Pole 1,235.4,71.076,16731.29,16376.2,0.98,60.1,,1819.832,overload
2026-04-20T13:38:21.103311+00:00,Pole 1,235.5,71.044,16730.86,16380.5,0.98,60.2,,1819.81,overload
2026-04-20T13:38:16.294291+00:00,Pole 1,235.5,71.173,16761.24,16406.5,0.98,60.1,,1819.787,overload
2026-04-20T13:38:11.180582+00:00,Pole 1,235.6,70.598,16632.89,16280.8,0.98,60.1,,1819.764,overload
2026-04-20T13:38:06.181280+00:00,Pole 1,235.9,68.324,16117.63,15886.8,0.99,60.1,,1819.741,overload
2026-04-20T13:38:01.151158+00:00,Pole 1,235.9,68.32,16116.69,15891.4,0.99,60.2,,1819.719,overload
2026-04-20T13:37:56.019829+00:00,Pole 1,235.9,68.355,16124.95,15901.5,0.99,60.1,,1819.697,overload
2026-04-20T13:37:51.244809+00:00,Pole 1,236.0,68.303,16119.51,15897.6,0.99,60.1,,1819.675,overload
2026-04-20T13:37:46.356266+00:00,Pole 1,235.9,68.36,16126.12,15891.8,0.99,60.0,,1819.652,overload
2026-04-20T13:37:41.077877+00:00,Pole 1,235.9,68.355,16124.95,15902.4,0.99,60.1,,1819.63,overload
2026-04-20T13:37:36.065300+00:00,Pole 1,235.9,68.69,16203.97,15975.3,0.99,60.0,,1819.608,overload
2026-04-20T13:37:31.034407+00:00,Pole 1,235.9,68.604,16183.68,15958.6,0.99,60.1,,1819.586,overload
2026-04-20T13:37:26.154115+00:00,Pole 1,235.9,68.675,16200.43,15974.0,0.99,60.0,,1819.564,overload
2026-04-20T13:37:20.997375+00:00,Pole 1,235.9,68.662,16197.37,15970.0,0.99,60.1,,1819.541,overload
2026-04-20T13:37:16.606019+00:00,Pole 1,235.8,68.589,16173.29,15955.0,0.99,60.0,,1819.519,overload
2026-04-20T13:37:11.094097+00:00,Pole 1,235.9,68.649,16194.3,15968.6,0.99,60.1,,1819.497,overload
2026-04-20T13:37:05.952925+00:00,Pole 1,235.9,68.698,16205.86,15981.9,0.99,60.0,,1819.475,overload
2026-04-20T13:37:01.058711+00:00,Pole 1,235.9,68.68,16201.61,15974.2,0.99,60.1,,1819.453,overload
2026-04-20T13:36:56.243358+00:00,Pole 1,235.9,68.627,16189.11,15971.3,0.99,60.1,,1819.43,overload
2026-04-20T13:36:51.016915+00:00,Pole 1,235.9,68.784,16226.14,15990.3,0.99,60.1,,1819.408,overload
2026-04-20T13:36:46.317544+00:00,Pole 1,235.9,68.721,16211.28,15983.9,0.99,60.0,,1819.385,overload
2026-04-20T13:36:40.962295+00:00,Pole 1,235.6,71.621,16873.91,16637.4,0.99,60.0,,1819.363,overload
2026-04-20T13:36:35.938697+00:00,Pole 1,235.5,71.95,16944.22,16685.3,0.98,60.0,,1819.34,overload
2026-04-20T13:36:30.870418+00:00,Pole 1,235.3,73.507,17296.2,16988.5,0.98,60.0,,1819.317,overload
2026-04-20T13:36:21.829544+00:00,Pole 1,235.7,68.937,16248.45,15987.1,0.98,60.0,,1819.276,overload
2026-04-20T13:36:16.836528+00:00,Pole 1,236.1,64.394,15203.42,14975.7,0.99,60.0,,1819.253,heavy_load
2026-04-20T13:33:49.643919+00:00,Pole 1,235.6,66.561,15681.77,15394.1,0.98,60.2,,1818.704,heavy_load
2026-04-20T13:33:44.450441+00:00,Pole 1,235.6,66.392,15641.96,15353.6,0.98,60.1,,1818.683,heavy_load
2026-04-20T13:33:39.543344+00:00,Pole 1,235.5,66.386,15633.9,15342.4,0.98,60.1,,1818.661,heavy_load
2026-04-20T13:27:48.867937+00:00,Pole 1,235.6,63.742,15017.62,14792.8,0.99,60.1,,1817.263,heavy_load
2026-04-20T13:23:23.357489+00:00,Pole 1,235.7,64.217,15135.95,14884.6,0.98,60.0,,1816.288,heavy_load
2026-04-20T13:23:18.344578+00:00,Pole 1,235.8,64.111,15117.37,14864.1,0.98,60.0,,1816.268,heavy_load
2026-04-20T13:23:13.347211+00:00,Pole 1,235.8,63.94,15077.05,14828.0,0.98,60.1,,1816.248,heavy_load
2026-04-20T13:23:08.318606+00:00,Pole 1,235.7,64.011,15087.39,14829.7,0.98,60.0,,1816.226,heavy_load
2026-04-20T13:23:03.295916+00:00,Pole 1,235.7,63.931,15068.54,14814.2,0.98,60.0,,1816.206,heavy_load
2026-04-20T13:22:58.281778+00:00,Pole 1,235.6,63.968,15070.86,14820.0,0.98,60.1,,1816.185,heavy_load
2026-04-20T13:22:53.248050+00:00,Pole 1,235.7,63.925,15067.12,14814.7,0.98,60.1,,1816.165,heavy_load
2026-04-20T13:22:48.583861+00:00,Pole 1,235.8,63.851,15056.07,14816.0,0.98,60.1,,1816.144,heavy_load
2026-04-20T13:22:43.208052+00:00,Pole 1,235.7,63.941,15070.89,14811.3,0.98,60.0,,1816.123,heavy_load
2026-04-20T13:22:38.190188+00:00,Pole 1,235.6,63.863,15046.12,14787.4,0.98,60.1,,1816.103,heavy_load
2026-04-20T13:22:33.312558+00:00,Pole 1,235.7,63.833,15045.44,14795.7,0.98,60.1,,1816.082,heavy_load
2026-04-20T13:22:28.283069+00:00,Pole 1,235.8,63.986,15087.9,14825.5,0.98,60.0,,1816.062,heavy_load
2026-04-20T13:22:23.140461+00:00,Pole 1,235.9,63.621,15008.19,14736.5,0.98,60.1,,1816.041,heavy_load
2026-04-20T13:21:58.057261+00:00,Pole 1,235.6,65.18,15356.41,15108.4,0.98,60.1,,1815.939,heavy_load
2026-04-20T13:21:53.242554+00:00,Pole 1,235.5,65.144,15341.41,15087.6,0.98,60.1,,1815.918,heavy_load
2026-04-20T13:21:48.344072+00:00,Pole 1,235.5,65.082,15326.81,15082.5,0.98,60.2,,1815.897,heavy_load
2026-04-20T13:21:43.116880+00:00,Pole 1,235.7,65.058,15334.17,15082.9,0.98,60.2,,1815.875,heavy_load
2026-04-20T13:21:38.084771+00:00,Pole 1,235.5,67.405,15873.88,14857.1,0.94,60.2,,1815.855,heavy_load
2026-04-20T13:01:29.359739+00:00,Pole 1,237.2,63.469,15054.85,14745.1,0.98,60.1,,1811.645,heavy_load
2026-04-20T13:01:24.225773+00:00,Pole 1,237.2,63.361,15029.23,14725.6,0.98,60.1,,1811.625,heavy_load
2026-04-20T13:01:19.730689+00:00,Pole 1,237.1,63.393,15030.48,14727.9,0.98,60.1,,1811.604,heavy_load
2026-04-20T13:01:14.185358+00:00,Pole 1,237.1,63.456,15045.42,14735.0,0.98,60.0,,1811.583,heavy_load
2026-04-20T13:01:09.073166+00:00,Pole 1,237.3,63.355,15034.14,14718.8,0.98,60.0,,1811.563,heavy_load
2026-04-20T13:01:04.047739+00:00,Pole 1,237.1,63.323,15013.88,14710.5,0.98,60.0,,1811.542,heavy_load
2026-04-20T13:00:59.251750+00:00,Pole 1,237.2,63.36,15028.99,14713.6,0.98,60.0,,1811.522,heavy_load
2026-04-20T13:00:54.130717+00:00,Pole 1,237.2,63.263,15005.98,14687.6,0.98,60.0,,1811.502,heavy_load
2026-04-20T13:00:39.156691+00:00,Pole 1,237.0,63.345,15012.77,14690.4,0.98,60.0,,1811.44,heavy_load
2026-04-20T12:49:42.411647+00:00,Pole 1,236.8,65.494,15508.98,15222.2,0.98,59.9,,1809.045,heavy_load
2026-04-20T12:49:39.964697+00:00,Pole 1,236.9,65.307,15471.23,15185.5,0.98,59.9,,1809.022,heavy_load
2026-04-20T12:49:31.946176+00:00,Pole 1,236.7,65.327,15462.9,15185.8,0.98,59.9,,1809.001,heavy_load
2026-04-20T12:49:26.903210+00:00,Pole 1,236.7,65.25,15444.67,15169.7,0.98,59.8,,1808.98,heavy_load
2026-04-20T12:49:21.889086+00:00,Pole 1,236.7,65.322,15461.72,15184.4,0.98,59.8,,1808.959,heavy_load
2026-04-20T12:49:16.861764+00:00,Pole 1,236.6,65.315,15453.53,15172.2,0.98,59.8,,1808.938,heavy_load
2026-04-20T12:49:11.919586+00:00,Pole 1,236.6,65.167,15418.51,15146.1,0.98,59.9,,1808.916,heavy_load
2026-04-20T12:49:06.837839+00:00,Pole 1,236.7,65.149,15420.77,15140.8,0.98,59.9,,1808.896,heavy_load
2026-04-20T12:49:01.705243+00:00,Pole 1,236.5,65.161,15410.58,15132.5,0.98,60.0,,1808.875,heavy_load
2026-04-20T12:48:56.876114+00:00,Pole 1,236.7,65.075,15403.25,15126.2,0.98,59.9,,1808.853,heavy_load
2026-04-20T12:48:51.773447+00:00,Pole 1,236.6,65.076,15396.98,15119.6,0.98,59.9,,1808.833,heavy_load
2026-04-20T12:48:47.079740+00:00,Pole 1,236.6,65.061,15393.43,15133.0,0.98,59.9,,1808.811,heavy_load
2026-04-20T12:48:41.629985+00:00,Pole 1,236.6,65.18,15421.59,15140.5,0.98,59.9,,1808.79,heavy_load
2026-04-20T12:48:36.825472+00:00,Pole 1,236.7,65.036,15394.02,15119.9,0.98,59.9,,1808.769,heavy_load
2026-04-20T12:48:31.724263+00:00,Pole 1,236.7,64.943,15372.01,15090.6,0.98,59.9,,1808.748,heavy_load
2026-04-20T12:48:26.790134+00:00,Pole 1,236.7,64.93,15368.93,15084.0,0.98,59.9,,1808.727,heavy_load
2026-04-20T12:48:21.778551+00:00,Pole 1,236.6,64.819,15336.18,15069.0,0.98,59.9,,1808.706,heavy_load
2026-04-20T12:48:16.634296+00:00,Pole 1,236.4,64.766,15310.68,15033.5,0.98,59.9,,1808.685,heavy_load
2026-04-20T12:48:11.739607+00:00,Pole 1,236.5,64.638,15286.89,15002.7,0.98,59.8,,1808.664,heavy_load
2026-04-20T12:48:06.718649+00:00,Pole 1,236.4,64.562,15262.46,14978.5,0.98,59.9,,1808.643,heavy_load
2026-04-20T12:48:01.711992+00:00,Pole 1,236.6,64.454,15249.82,14975.0,0.98,60.0,,1808.622,heavy_load
2026-04-20T12:47:56.563273+00:00,Pole 1,236.7,64.338,15228.8,14955.7,0.98,60.0,,1808.601,heavy_load
2026-04-20T12:47:51.666056+00:00,Pole 1,236.6,63.983,15138.38,14863.2,0.98,60.0,,1808.58,heavy_load
2026-04-20T10:56:38.259291+00:00,Pole 1,236.1,65.434,15448.97,14842.6,0.96,60.0,,1788.839,heavy_load
2026-04-20T10:56:33.360500+00:00,Pole 1,236.3,65.396,15453.08,14848.0,0.96,60.0,,1788.819,heavy_load
2026-04-20T10:56:28.353950+00:00,Pole 1,236.5,64.285,15203.4,14567.5,0.96,60.0,,1788.799,heavy_load
2026-04-20T10:56:23.242775+00:00,Pole 1,236.4,64.218,15181.14,14547.9,0.96,60.0,,1788.778,heavy_load
2026-04-20T10:56:13.425678+00:00,Pole 1,236.3,64.318,15198.34,14567.8,0.96,60.0,,1788.739,heavy_load
2026-04-20T10:34:11.777406+00:00,Pole 1,235.0,70.304,16521.44,16249.7,0.98,59.8,,1784.494,overload
2026-04-20T10:34:06.597166+00:00,Pole 1,235.4,64.968,15293.47,15062.7,0.98,59.8,,1784.472,heavy_load
2026-04-20T10:34:01.388198+00:00,Pole 1,235.5,63.774,15018.78,14777.6,0.98,59.8,,1784.451,heavy_load
2026-04-20T10:32:41.197449+00:00,Pole 1,235.1,64.227,15099.77,14693.9,0.97,59.8,,1784.131,heavy_load
2026-04-20T10:32:36.298379+00:00,Pole 1,235.0,67.508,15864.38,15221.0,0.96,59.8,,1784.111,heavy_load
2026-04-20T10:32:11.359941+00:00,Pole 1,235.4,63.777,15013.11,14737.1,0.98,59.8,,1784.013,heavy_load
2026-04-20T10:32:06.193912+00:00,Pole 1,235.6,63.774,15025.15,14752.4,0.98,59.8,,1783.992,heavy_load
2026-04-20T10:32:01.146324+00:00,Pole 1,235.7,63.86,15051.8,14772.1,0.98,59.8,,1783.972,heavy_load
2026-04-20T10:31:56.349247+00:00,Pole 1,235.5,63.759,15015.24,14740.4,0.98,59.8,,1783.951,heavy_load
2026-04-20T10:31:51.252308+00:00,Pole 1,235.4,63.806,15019.93,14749.3,0.98,59.8,,1783.931,heavy_load
2026-04-20T10:31:46.583555+00:00,Pole 1,235.2,63.845,15016.34,14739.7,0.98,59.8,,1783.911,heavy_load
2026-04-20T10:31:41.066940+00:00,Pole 1,235.3,63.774,15006.02,14731.2,0.98,59.8,,1783.889,heavy_load
2026-04-20T10:31:36.353985+00:00,Pole 1,235.3,63.844,15022.49,14747.4,0.98,59.8,,1783.869,heavy_load
2026-04-20T10:31:31.131156+00:00,Pole 1,235.7,64.327,15161.88,14866.8,0.98,59.8,,1783.849,heavy_load
2026-04-20T10:31:26.102781+00:00,Pole 1,235.4,64.398,15159.29,14868.4,0.98,59.8,,1783.828,heavy_load
2026-04-20T10:31:21.125805+00:00,Pole 1,235.5,64.394,15164.79,14870.0,0.98,59.8,,1783.808,heavy_load
2026-04-20T10:31:16.089802+00:00,Pole 1,235.5,64.457,15179.62,14885.7,0.98,59.8,,1783.786,heavy_load
2026-04-20T10:31:11.067671+00:00,Pole 1,235.6,64.498,15195.73,14901.5,0.98,59.8,,1783.766,heavy_load
2026-04-20T10:31:06.041633+00:00,Pole 1,235.4,64.177,15107.27,14815.0,0.98,59.8,,1783.745,heavy_load
2026-04-20T10:31:01.027989+00:00,Pole 1,235.5,64.261,15133.47,14833.1,0.98,59.8,,1783.724,heavy_load
2026-04-20T10:30:56.013941+00:00,Pole 1,235.5,64.35,15154.42,14853.9,0.98,59.8,,1783.704,heavy_load
2026-04-20T10:30:51.008745+00:00,Pole 1,235.5,65.688,15469.52,15177.4,0.98,59.8,,1783.683,heavy_load
